location_name,description,is_active,id,created_date,updated_date,created_by_id,created_by
44E6,Location: 44E6,TRUE,694f067bb416abc5bae36b7b,2025-12-26T22:04:43.247000,2025-12-26T22:04:43.247000,68b90236f4d7e6ac0de4a263,tyler.haney.1998@gmail.com
DS5,,TRUE,694907a8279136253ffa8e61,2025-12-22T08:56:08.785000,2025-12-22T08:56:08.785000,service_2c3e24d1-470c-435b-a7f8-d5f5398160f4,service+2c3e24d1-470c-435b-a7f8-d5f5398160f4@no-reply.base44.com
BR6H,,TRUE,694907a8279136253ffa8e4c,2025-12-22T08:56:08.785000,2025-12-22T08:56:08.785000,service_2c3e24d1-470c-435b-a7f8-d5f5398160f4,service+2c3e24d1-470c-435b-a7f8-d5f5398160f4@no-reply.base44.com
BR6F,,TRUE,694907a8279136253ffa8e49,2025-12-22T08:56:08.785000,2025-12-22T08:56:08.785000,service_2c3e24d1-470c-435b-a7f8-d5f5398160f4,service+2c3e24d1-470c-435b-a7f8-d5f5398160f4@no-reply.base44.com
BR6F1,,TRUE,694907a8279136253ffa8e4a,2025-12-22T08:56:08.785000,2025-12-22T08:56:08.785000,service_2c3e24d1-470c-435b-a7f8-d5f5398160f4,service+2c3e24d1-470c-435b-a7f8-d5f5398160f4@no-reply.base44.com
BR6G,,TRUE,694907a8279136253ffa8e4b,2025-12-22T08:56:08.785000,2025-12-22T08:56:08.785000,service_2c3e24d1-470c-435b-a7f8-d5f5398160f4,service+2c3e24d1-470c-435b-a7f8-d5f5398160f4@no-reply.base44.com
DS2,,TRUE,694907a8279136253ffa8e5f,2025-12-22T08:56:08.785000,2025-12-22T08:56:08.785000,service_2c3e24d1-470c-435b-a7f8-d5f5398160f4,service+2c3e24d1-470c-435b-a7f8-d5f5398160f4@no-reply.base44.com
SHOP BEADS,,TRUE,694907a8279136253ffa8e69,2025-12-22T08:56:08.785000,2025-12-22T08:56:08.785000,service_2c3e24d1-470c-435b-a7f8-d5f5398160f4,service+2c3e24d1-470c-435b-a7f8-d5f5398160f4@no-reply.base44.com
SHOP TIRES,,TRUE,694907a8279136253ffa8e6d,2025-12-22T08:56:08.785000,2025-12-22T08:56:08.785000,service_2c3e24d1-470c-435b-a7f8-d5f5398160f4,service+2c3e24d1-470c-435b-a7f8-d5f5398160f4@no-reply.base44.com
BR7B1,,TRUE,694907a8279136253ffa8e58,2025-12-22T08:56:08.785000,2025-12-22T08:56:08.785000,service_2c3e24d1-470c-435b-a7f8-d5f5398160f4,service+2c3e24d1-470c-435b-a7f8-d5f5398160f4@no-reply.base44.com
PROPANE,,TRUE,694907a8279136253ffa8e65,2025-12-22T08:56:08.785000,2025-12-22T08:56:08.785000,service_2c3e24d1-470c-435b-a7f8-d5f5398160f4,service+2c3e24d1-470c-435b-a7f8-d5f5398160f4@no-reply.base44.com
BR7B,,TRUE,694907a8279136253ffa8e57,2025-12-22T08:56:08.785000,2025-12-22T08:56:08.785000,service_2c3e24d1-470c-435b-a7f8-d5f5398160f4,service+2c3e24d1-470c-435b-a7f8-d5f5398160f4@no-reply.base44.com
SHOP,,TRUE,694907a8279136253ffa8e68,2025-12-22T08:56:08.785000,2025-12-22T08:56:08.785000,service_2c3e24d1-470c-435b-a7f8-d5f5398160f4,service+2c3e24d1-470c-435b-a7f8-d5f5398160f4@no-reply.base44.com
BR8B,,TRUE,694907a8279136253ffa8e5a,2025-12-22T08:56:08.785000,2025-12-22T08:56:08.785000,service_2c3e24d1-470c-435b-a7f8-d5f5398160f4,service+2c3e24d1-470c-435b-a7f8-d5f5398160f4@no-reply.base44.com
SHOP STEMS,,TRUE,694907a8279136253ffa8e6c,2025-12-22T08:56:08.785000,2025-12-22T08:56:08.785000,service_2c3e24d1-470c-435b-a7f8-d5f5398160f4,service+2c3e24d1-470c-435b-a7f8-d5f5398160f4@no-reply.base44.com
BR6J,,TRUE,694907a8279136253ffa8e51,2025-12-22T08:56:08.785000,2025-12-22T08:56:08.785000,service_2c3e24d1-470c-435b-a7f8-d5f5398160f4,service+2c3e24d1-470c-435b-a7f8-d5f5398160f4@no-reply.base44.com
BR6J1,,TRUE,694907a8279136253ffa8e52,2025-12-22T08:56:08.785000,2025-12-22T08:56:08.785000,service_2c3e24d1-470c-435b-a7f8-d5f5398160f4,service+2c3e24d1-470c-435b-a7f8-d5f5398160f4@no-reply.base44.com
BR6J2,,TRUE,694907a8279136253ffa8e53,2025-12-22T08:56:08.785000,2025-12-22T08:56:08.785000,service_2c3e24d1-470c-435b-a7f8-d5f5398160f4,service+2c3e24d1-470c-435b-a7f8-d5f5398160f4@no-reply.base44.com
BR5E,,TRUE,694907a8279136253ffa8e44,2025-12-22T08:56:08.785000,2025-12-22T08:56:08.785000,service_2c3e24d1-470c-435b-a7f8-d5f5398160f4,service+2c3e24d1-470c-435b-a7f8-d5f5398160f4@no-reply.base44.com
BR6D,,TRUE,694907a8279136253ffa8e47,2025-12-22T08:56:08.785000,2025-12-22T08:56:08.785000,service_2c3e24d1-470c-435b-a7f8-d5f5398160f4,service+2c3e24d1-470c-435b-a7f8-d5f5398160f4@no-reply.base44.com
BR6H4,,TRUE,694907a8279136253ffa8e4e,2025-12-22T08:56:08.785000,2025-12-22T08:56:08.785000,service_2c3e24d1-470c-435b-a7f8-d5f5398160f4,service+2c3e24d1-470c-435b-a7f8-d5f5398160f4@no-reply.base44.com
BR9,,TRUE,694907a8279136253ffa8e5c,2025-12-22T08:56:08.785000,2025-12-22T08:56:08.785000,service_2c3e24d1-470c-435b-a7f8-d5f5398160f4,service+2c3e24d1-470c-435b-a7f8-d5f5398160f4@no-reply.base44.com
SHOP OIL,,TRUE,694907a8279136253ffa8e6a,2025-12-22T08:56:08.785000,2025-12-22T08:56:08.785000,service_2c3e24d1-470c-435b-a7f8-d5f5398160f4,service+2c3e24d1-470c-435b-a7f8-d5f5398160f4@no-reply.base44.com
BR6H10,,TRUE,694907a8279136253ffa8e4d,2025-12-22T08:56:08.785000,2025-12-22T08:56:08.785000,service_2c3e24d1-470c-435b-a7f8-d5f5398160f4,service+2c3e24d1-470c-435b-a7f8-d5f5398160f4@no-reply.base44.com
BR6B6,,TRUE,694907a8279136253ffa8e45,2025-12-22T08:56:08.785000,2025-12-22T08:56:08.785000,service_2c3e24d1-470c-435b-a7f8-d5f5398160f4,service+2c3e24d1-470c-435b-a7f8-d5f5398160f4@no-reply.base44.com
BR6C,,TRUE,694907a8279136253ffa8e46,2025-12-22T08:56:08.785000,2025-12-22T08:56:08.785000,service_2c3e24d1-470c-435b-a7f8-d5f5398160f4,service+2c3e24d1-470c-435b-a7f8-d5f5398160f4@no-reply.base44.com
BR8C,,TRUE,694907a8279136253ffa8e5b,2025-12-22T08:56:08.785000,2025-12-22T08:56:08.785000,service_2c3e24d1-470c-435b-a7f8-d5f5398160f4,service+2c3e24d1-470c-435b-a7f8-d5f5398160f4@no-reply.base44.com
BR8A,,TRUE,694907a8279136253ffa8e59,2025-12-22T08:56:08.785000,2025-12-22T08:56:08.785000,service_2c3e24d1-470c-435b-a7f8-d5f5398160f4,service+2c3e24d1-470c-435b-a7f8-d5f5398160f4@no-reply.base44.com
RETURN,,TRUE,694907a8279136253ffa8e67,2025-12-22T08:56:08.785000,2025-12-22T08:56:08.785000,service_2c3e24d1-470c-435b-a7f8-d5f5398160f4,service+2c3e24d1-470c-435b-a7f8-d5f5398160f4@no-reply.base44.com
SHOP TUBES,,TRUE,694907a8279136253ffa8e6e,2025-12-22T08:56:08.785000,2025-12-22T08:56:08.785000,service_2c3e24d1-470c-435b-a7f8-d5f5398160f4,service+2c3e24d1-470c-435b-a7f8-d5f5398160f4@no-reply.base44.com
SHOP PIPE,,TRUE,694907a8279136253ffa8e6b,2025-12-22T08:56:08.785000,2025-12-22T08:56:08.785000,service_2c3e24d1-470c-435b-a7f8-d5f5398160f4,service+2c3e24d1-470c-435b-a7f8-d5f5398160f4@no-reply.base44.com
BR6H8,,TRUE,694907a8279136253ffa8e50,2025-12-22T08:56:08.785000,2025-12-22T08:56:08.785000,service_2c3e24d1-470c-435b-a7f8-d5f5398160f4,service+2c3e24d1-470c-435b-a7f8-d5f5398160f4@no-reply.base44.com
FRONT,,TRUE,694907a8279136253ffa8e63,2025-12-22T08:56:08.785000,2025-12-22T08:56:08.785000,service_2c3e24d1-470c-435b-a7f8-d5f5398160f4,service+2c3e24d1-470c-435b-a7f8-d5f5398160f4@no-reply.base44.com
BR6H7,,TRUE,694907a8279136253ffa8e4f,2025-12-22T08:56:08.785000,2025-12-22T08:56:08.785000,service_2c3e24d1-470c-435b-a7f8-d5f5398160f4,service+2c3e24d1-470c-435b-a7f8-d5f5398160f4@no-reply.base44.com
FLFUSEBOX,,TRUE,694907a8279136253ffa8e62,2025-12-22T08:56:08.785000,2025-12-22T08:56:08.785000,service_2c3e24d1-470c-435b-a7f8-d5f5398160f4,service+2c3e24d1-470c-435b-a7f8-d5f5398160f4@no-reply.base44.com
BR6J6,,TRUE,694907a8279136253ffa8e55,2025-12-22T08:56:08.785000,2025-12-22T08:56:08.785000,service_2c3e24d1-470c-435b-a7f8-d5f5398160f4,service+2c3e24d1-470c-435b-a7f8-d5f5398160f4@no-reply.base44.com
BR7A,,TRUE,694907a8279136253ffa8e56,2025-12-22T08:56:08.785000,2025-12-22T08:56:08.785000,service_2c3e24d1-470c-435b-a7f8-d5f5398160f4,service+2c3e24d1-470c-435b-a7f8-d5f5398160f4@no-reply.base44.com
BR6J5,,TRUE,694907a8279136253ffa8e54,2025-12-22T08:56:08.785000,2025-12-22T08:56:08.785000,service_2c3e24d1-470c-435b-a7f8-d5f5398160f4,service+2c3e24d1-470c-435b-a7f8-d5f5398160f4@no-reply.base44.com
DS3,,TRUE,694907a8279136253ffa8e60,2025-12-22T08:56:08.785000,2025-12-22T08:56:08.785000,service_2c3e24d1-470c-435b-a7f8-d5f5398160f4,service+2c3e24d1-470c-435b-a7f8-d5f5398160f4@no-reply.base44.com
NIV,,TRUE,694907a8279136253ffa8e64,2025-12-22T08:56:08.785000,2025-12-22T08:56:08.785000,service_2c3e24d1-470c-435b-a7f8-d5f5398160f4,service+2c3e24d1-470c-435b-a7f8-d5f5398160f4@no-reply.base44.com
BR6E,,TRUE,694907a8279136253ffa8e48,2025-12-22T08:56:08.785000,2025-12-22T08:56:08.785000,service_2c3e24d1-470c-435b-a7f8-d5f5398160f4,service+2c3e24d1-470c-435b-a7f8-d5f5398160f4@no-reply.base44.com
DOWNSTAIRS,,TRUE,694907a8279136253ffa8e5d,2025-12-22T08:56:08.785000,2025-12-22T08:56:08.785000,service_2c3e24d1-470c-435b-a7f8-d5f5398160f4,service+2c3e24d1-470c-435b-a7f8-d5f5398160f4@no-reply.base44.com
DS1,,TRUE,694907a8279136253ffa8e5e,2025-12-22T08:56:08.785000,2025-12-22T08:56:08.785000,service_2c3e24d1-470c-435b-a7f8-d5f5398160f4,service+2c3e24d1-470c-435b-a7f8-d5f5398160f4@no-reply.base44.com
REG OFFICE,,TRUE,694907a8279136253ffa8e66,2025-12-22T08:56:08.785000,2025-12-22T08:56:08.785000,service_2c3e24d1-470c-435b-a7f8-d5f5398160f4,service+2c3e24d1-470c-435b-a7f8-d5f5398160f4@no-reply.base44.com
BR5D,,TRUE,694907a8279136253ffa8e43,2025-12-22T08:56:08.784000,2025-12-22T08:56:08.784000,service_2c3e24d1-470c-435b-a7f8-d5f5398160f4,service+2c3e24d1-470c-435b-a7f8-d5f5398160f4@no-reply.base44.com
BR4E7,,TRUE,694907a8279136253ffa8e3d,2025-12-22T08:56:08.784000,2025-12-22T08:56:08.784000,service_2c3e24d1-470c-435b-a7f8-d5f5398160f4,service+2c3e24d1-470c-435b-a7f8-d5f5398160f4@no-reply.base44.com
BR4E9,,TRUE,694907a8279136253ffa8e3f,2025-12-22T08:56:08.784000,2025-12-22T08:56:08.784000,service_2c3e24d1-470c-435b-a7f8-d5f5398160f4,service+2c3e24d1-470c-435b-a7f8-d5f5398160f4@no-reply.base44.com
BR4E5,,TRUE,694907a8279136253ffa8e3b,2025-12-22T08:56:08.784000,2025-12-22T08:56:08.784000,service_2c3e24d1-470c-435b-a7f8-d5f5398160f4,service+2c3e24d1-470c-435b-a7f8-d5f5398160f4@no-reply.base44.com
BR4E14,,TRUE,694907a8279136253ffa8e36,2025-12-22T08:56:08.784000,2025-12-22T08:56:08.784000,service_2c3e24d1-470c-435b-a7f8-d5f5398160f4,service+2c3e24d1-470c-435b-a7f8-d5f5398160f4@no-reply.base44.com
BR5B,,TRUE,694907a8279136253ffa8e41,2025-12-22T08:56:08.784000,2025-12-22T08:56:08.784000,service_2c3e24d1-470c-435b-a7f8-d5f5398160f4,service+2c3e24d1-470c-435b-a7f8-d5f5398160f4@no-reply.base44.com
BR5,,TRUE,694907a8279136253ffa8e40,2025-12-22T08:56:08.784000,2025-12-22T08:56:08.784000,service_2c3e24d1-470c-435b-a7f8-d5f5398160f4,service+2c3e24d1-470c-435b-a7f8-d5f5398160f4@no-reply.base44.com
BR4E2,,TRUE,694907a8279136253ffa8e38,2025-12-22T08:56:08.784000,2025-12-22T08:56:08.784000,service_2c3e24d1-470c-435b-a7f8-d5f5398160f4,service+2c3e24d1-470c-435b-a7f8-d5f5398160f4@no-reply.base44.com
BR4E8,,TRUE,694907a8279136253ffa8e3e,2025-12-22T08:56:08.784000,2025-12-22T08:56:08.784000,service_2c3e24d1-470c-435b-a7f8-d5f5398160f4,service+2c3e24d1-470c-435b-a7f8-d5f5398160f4@no-reply.base44.com
BR5C,,TRUE,694907a8279136253ffa8e42,2025-12-22T08:56:08.784000,2025-12-22T08:56:08.784000,service_2c3e24d1-470c-435b-a7f8-d5f5398160f4,service+2c3e24d1-470c-435b-a7f8-d5f5398160f4@no-reply.base44.com
BR4E13,,TRUE,694907a8279136253ffa8e35,2025-12-22T08:56:08.784000,2025-12-22T08:56:08.784000,service_2c3e24d1-470c-435b-a7f8-d5f5398160f4,service+2c3e24d1-470c-435b-a7f8-d5f5398160f4@no-reply.base44.com
BR4E4,,TRUE,694907a8279136253ffa8e3a,2025-12-22T08:56:08.784000,2025-12-22T08:56:08.784000,service_2c3e24d1-470c-435b-a7f8-d5f5398160f4,service+2c3e24d1-470c-435b-a7f8-d5f5398160f4@no-reply.base44.com
BR4E3,,TRUE,694907a8279136253ffa8e39,2025-12-22T08:56:08.784000,2025-12-22T08:56:08.784000,service_2c3e24d1-470c-435b-a7f8-d5f5398160f4,service+2c3e24d1-470c-435b-a7f8-d5f5398160f4@no-reply.base44.com
BR4E6,,TRUE,694907a8279136253ffa8e3c,2025-12-22T08:56:08.784000,2025-12-22T08:56:08.784000,service_2c3e24d1-470c-435b-a7f8-d5f5398160f4,service+2c3e24d1-470c-435b-a7f8-d5f5398160f4@no-reply.base44.com
BR4E15,,TRUE,694907a8279136253ffa8e37,2025-12-22T08:56:08.784000,2025-12-22T08:56:08.784000,service_2c3e24d1-470c-435b-a7f8-d5f5398160f4,service+2c3e24d1-470c-435b-a7f8-d5f5398160f4@no-reply.base44.com
44C1,,TRUE,694907a8b93fdc435999570f,2025-12-22T08:56:08.625000,2025-12-22T08:56:08.625000,service_2c3e24d1-470c-435b-a7f8-d5f5398160f4,service+2c3e24d1-470c-435b-a7f8-d5f5398160f4@no-reply.base44.com
44C3,,TRUE,694907a8b93fdc4359995710,2025-12-22T08:56:08.625000,2025-12-22T08:56:08.625000,service_2c3e24d1-470c-435b-a7f8-d5f5398160f4,service+2c3e24d1-470c-435b-a7f8-d5f5398160f4@no-reply.base44.com
BR11,,TRUE,694907a8b93fdc435999572b,2025-12-22T08:56:08.625000,2025-12-22T08:56:08.625000,service_2c3e24d1-470c-435b-a7f8-d5f5398160f4,service+2c3e24d1-470c-435b-a7f8-d5f5398160f4@no-reply.base44.com
BR4D14,,TRUE,694907a8b93fdc4359995744,2025-12-22T08:56:08.625000,2025-12-22T08:56:08.625000,service_2c3e24d1-470c-435b-a7f8-d5f5398160f4,service+2c3e24d1-470c-435b-a7f8-d5f5398160f4@no-reply.base44.com
BR4C5,,TRUE,694907a8b93fdc435999573a,2025-12-22T08:56:08.625000,2025-12-22T08:56:08.625000,service_2c3e24d1-470c-435b-a7f8-d5f5398160f4,service+2c3e24d1-470c-435b-a7f8-d5f5398160f4@no-reply.base44.com
BR13,,TRUE,694907a8b93fdc435999572c,2025-12-22T08:56:08.625000,2025-12-22T08:56:08.625000,service_2c3e24d1-470c-435b-a7f8-d5f5398160f4,service+2c3e24d1-470c-435b-a7f8-d5f5398160f4@no-reply.base44.com
47D1,,TRUE,694907a8b93fdc435999571a,2025-12-22T08:56:08.625000,2025-12-22T08:56:08.625000,service_2c3e24d1-470c-435b-a7f8-d5f5398160f4,service+2c3e24d1-470c-435b-a7f8-d5f5398160f4@no-reply.base44.com
BR4D5,,TRUE,694907a8b93fdc4359995748,2025-12-22T08:56:08.625000,2025-12-22T08:56:08.625000,service_2c3e24d1-470c-435b-a7f8-d5f5398160f4,service+2c3e24d1-470c-435b-a7f8-d5f5398160f4@no-reply.base44.com
BR4C1,,TRUE,694907a8b93fdc4359995732,2025-12-22T08:56:08.625000,2025-12-22T08:56:08.625000,service_2c3e24d1-470c-435b-a7f8-d5f5398160f4,service+2c3e24d1-470c-435b-a7f8-d5f5398160f4@no-reply.base44.com
44D13,,TRUE,694907a8b93fdc4359995712,2025-12-22T08:56:08.625000,2025-12-22T08:56:08.625000,service_2c3e24d1-470c-435b-a7f8-d5f5398160f4,service+2c3e24d1-470c-435b-a7f8-d5f5398160f4@no-reply.base44.com
49D,,TRUE,694907a8b93fdc435999571e,2025-12-22T08:56:08.625000,2025-12-22T08:56:08.625000,service_2c3e24d1-470c-435b-a7f8-d5f5398160f4,service+2c3e24d1-470c-435b-a7f8-d5f5398160f4@no-reply.base44.com
BR4E12,,TRUE,694907a8b93fdc4359995750,2025-12-22T08:56:08.625000,2025-12-22T08:56:08.625000,service_2c3e24d1-470c-435b-a7f8-d5f5398160f4,service+2c3e24d1-470c-435b-a7f8-d5f5398160f4@no-reply.base44.com
BR4D7,,TRUE,694907a8b93fdc435999574a,2025-12-22T08:56:08.625000,2025-12-22T08:56:08.625000,service_2c3e24d1-470c-435b-a7f8-d5f5398160f4,service+2c3e24d1-470c-435b-a7f8-d5f5398160f4@no-reply.base44.com
44D7,,TRUE,694907a8b93fdc4359995717,2025-12-22T08:56:08.625000,2025-12-22T08:56:08.625000,service_2c3e24d1-470c-435b-a7f8-d5f5398160f4,service+2c3e24d1-470c-435b-a7f8-d5f5398160f4@no-reply.base44.com
BR4C11,,TRUE,694907a8b93fdc4359995734,2025-12-22T08:56:08.625000,2025-12-22T08:56:08.625000,service_2c3e24d1-470c-435b-a7f8-d5f5398160f4,service+2c3e24d1-470c-435b-a7f8-d5f5398160f4@no-reply.base44.com
BR4D9,,TRUE,694907a8b93fdc435999574c,2025-12-22T08:56:08.625000,2025-12-22T08:56:08.625000,service_2c3e24d1-470c-435b-a7f8-d5f5398160f4,service+2c3e24d1-470c-435b-a7f8-d5f5398160f4@no-reply.base44.com
BR3,,TRUE,694907a8b93fdc435999572f,2025-12-22T08:56:08.625000,2025-12-22T08:56:08.625000,service_2c3e24d1-470c-435b-a7f8-d5f5398160f4,service+2c3e24d1-470c-435b-a7f8-d5f5398160f4@no-reply.base44.com
50D,,TRUE,694907a8b93fdc4359995725,2025-12-22T08:56:08.625000,2025-12-22T08:56:08.625000,service_2c3e24d1-470c-435b-a7f8-d5f5398160f4,service+2c3e24d1-470c-435b-a7f8-d5f5398160f4@no-reply.base44.com
44D6,,TRUE,694907a8b93fdc4359995716,2025-12-22T08:56:08.625000,2025-12-22T08:56:08.625000,service_2c3e24d1-470c-435b-a7f8-d5f5398160f4,service+2c3e24d1-470c-435b-a7f8-d5f5398160f4@no-reply.base44.com
BR4B2,,TRUE,694907a8b93fdc4359995731,2025-12-22T08:56:08.625000,2025-12-22T08:56:08.625000,service_2c3e24d1-470c-435b-a7f8-d5f5398160f4,service+2c3e24d1-470c-435b-a7f8-d5f5398160f4@no-reply.base44.com
BR4D3,,TRUE,694907a8b93fdc4359995746,2025-12-22T08:56:08.625000,2025-12-22T08:56:08.625000,service_2c3e24d1-470c-435b-a7f8-d5f5398160f4,service+2c3e24d1-470c-435b-a7f8-d5f5398160f4@no-reply.base44.com
BR4C7,,TRUE,694907a8b93fdc435999573c,2025-12-22T08:56:08.625000,2025-12-22T08:56:08.625000,service_2c3e24d1-470c-435b-a7f8-d5f5398160f4,service+2c3e24d1-470c-435b-a7f8-d5f5398160f4@no-reply.base44.com
50B,,TRUE,694907a8b93fdc4359995723,2025-12-22T08:56:08.625000,2025-12-22T08:56:08.625000,service_2c3e24d1-470c-435b-a7f8-d5f5398160f4,service+2c3e24d1-470c-435b-a7f8-d5f5398160f4@no-reply.base44.com
BR14,,TRUE,694907a8b93fdc435999572d,2025-12-22T08:56:08.625000,2025-12-22T08:56:08.625000,service_2c3e24d1-470c-435b-a7f8-d5f5398160f4,service+2c3e24d1-470c-435b-a7f8-d5f5398160f4@no-reply.base44.com
BR4D2,,TRUE,694907a8b93fdc4359995745,2025-12-22T08:56:08.625000,2025-12-22T08:56:08.625000,service_2c3e24d1-470c-435b-a7f8-d5f5398160f4,service+2c3e24d1-470c-435b-a7f8-d5f5398160f4@no-reply.base44.com
BR4D4,,TRUE,694907a8b93fdc4359995747,2025-12-22T08:56:08.625000,2025-12-22T08:56:08.625000,service_2c3e24d1-470c-435b-a7f8-d5f5398160f4,service+2c3e24d1-470c-435b-a7f8-d5f5398160f4@no-reply.base44.com
44D3,,TRUE,694907a8b93fdc4359995714,2025-12-22T08:56:08.625000,2025-12-22T08:56:08.625000,service_2c3e24d1-470c-435b-a7f8-d5f5398160f4,service+2c3e24d1-470c-435b-a7f8-d5f5398160f4@no-reply.base44.com
BR4D6,,TRUE,694907a8b93fdc4359995749,2025-12-22T08:56:08.625000,2025-12-22T08:56:08.625000,service_2c3e24d1-470c-435b-a7f8-d5f5398160f4,service+2c3e24d1-470c-435b-a7f8-d5f5398160f4@no-reply.base44.com
BR4C12,,TRUE,694907a8b93fdc4359995735,2025-12-22T08:56:08.625000,2025-12-22T08:56:08.625000,service_2c3e24d1-470c-435b-a7f8-d5f5398160f4,service+2c3e24d1-470c-435b-a7f8-d5f5398160f4@no-reply.base44.com
BR2,,TRUE,694907a8b93fdc435999572e,2025-12-22T08:56:08.625000,2025-12-22T08:56:08.625000,service_2c3e24d1-470c-435b-a7f8-d5f5398160f4,service+2c3e24d1-470c-435b-a7f8-d5f5398160f4@no-reply.base44.com
49A,,TRUE,694907a8b93fdc435999571b,2025-12-22T08:56:08.625000,2025-12-22T08:56:08.625000,service_2c3e24d1-470c-435b-a7f8-d5f5398160f4,service+2c3e24d1-470c-435b-a7f8-d5f5398160f4@no-reply.base44.com
49C,,TRUE,694907a8b93fdc435999571d,2025-12-22T08:56:08.625000,2025-12-22T08:56:08.625000,service_2c3e24d1-470c-435b-a7f8-d5f5398160f4,service+2c3e24d1-470c-435b-a7f8-d5f5398160f4@no-reply.base44.com
BR4C3,,TRUE,694907a8b93fdc4359995738,2025-12-22T08:56:08.625000,2025-12-22T08:56:08.625000,service_2c3e24d1-470c-435b-a7f8-d5f5398160f4,service+2c3e24d1-470c-435b-a7f8-d5f5398160f4@no-reply.base44.com
BR4C10,,TRUE,694907a8b93fdc4359995733,2025-12-22T08:56:08.625000,2025-12-22T08:56:08.625000,service_2c3e24d1-470c-435b-a7f8-d5f5398160f4,service+2c3e24d1-470c-435b-a7f8-d5f5398160f4@no-reply.base44.com
BR4C8,,TRUE,694907a8b93fdc435999573d,2025-12-22T08:56:08.625000,2025-12-22T08:56:08.625000,service_2c3e24d1-470c-435b-a7f8-d5f5398160f4,service+2c3e24d1-470c-435b-a7f8-d5f5398160f4@no-reply.base44.com
BR4D1,,TRUE,694907a8b93fdc435999573f,2025-12-22T08:56:08.625000,2025-12-22T08:56:08.625000,service_2c3e24d1-470c-435b-a7f8-d5f5398160f4,service+2c3e24d1-470c-435b-a7f8-d5f5398160f4@no-reply.base44.com
49E,,TRUE,694907a8b93fdc435999571f,2025-12-22T08:56:08.625000,2025-12-22T08:56:08.625000,service_2c3e24d1-470c-435b-a7f8-d5f5398160f4,service+2c3e24d1-470c-435b-a7f8-d5f5398160f4@no-reply.base44.com
BR4E10,,TRUE,694907a8b93fdc435999574e,2025-12-22T08:56:08.625000,2025-12-22T08:56:08.625000,service_2c3e24d1-470c-435b-a7f8-d5f5398160f4,service+2c3e24d1-470c-435b-a7f8-d5f5398160f4@no-reply.base44.com
49G,,TRUE,694907a8b93fdc4359995721,2025-12-22T08:56:08.625000,2025-12-22T08:56:08.625000,service_2c3e24d1-470c-435b-a7f8-d5f5398160f4,service+2c3e24d1-470c-435b-a7f8-d5f5398160f4@no-reply.base44.com
BR4B1,,TRUE,694907a8b93fdc4359995730,2025-12-22T08:56:08.625000,2025-12-22T08:56:08.625000,service_2c3e24d1-470c-435b-a7f8-d5f5398160f4,service+2c3e24d1-470c-435b-a7f8-d5f5398160f4@no-reply.base44.com
BR4C13,,TRUE,694907a8b93fdc4359995736,2025-12-22T08:56:08.625000,2025-12-22T08:56:08.625000,service_2c3e24d1-470c-435b-a7f8-d5f5398160f4,service+2c3e24d1-470c-435b-a7f8-d5f5398160f4@no-reply.base44.com
BR4C6,,TRUE,694907a8b93fdc435999573b,2025-12-22T08:56:08.625000,2025-12-22T08:56:08.625000,service_2c3e24d1-470c-435b-a7f8-d5f5398160f4,service+2c3e24d1-470c-435b-a7f8-d5f5398160f4@no-reply.base44.com
BR4E1,,TRUE,694907a8b93fdc435999574d,2025-12-22T08:56:08.625000,2025-12-22T08:56:08.625000,service_2c3e24d1-470c-435b-a7f8-d5f5398160f4,service+2c3e24d1-470c-435b-a7f8-d5f5398160f4@no-reply.base44.com
BR4C2,,TRUE,694907a8b93fdc4359995737,2025-12-22T08:56:08.625000,2025-12-22T08:56:08.625000,service_2c3e24d1-470c-435b-a7f8-d5f5398160f4,service+2c3e24d1-470c-435b-a7f8-d5f5398160f4@no-reply.base44.com
44D9,,TRUE,694907a8b93fdc4359995718,2025-12-22T08:56:08.625000,2025-12-22T08:56:08.625000,service_2c3e24d1-470c-435b-a7f8-d5f5398160f4,service+2c3e24d1-470c-435b-a7f8-d5f5398160f4@no-reply.base44.com
50E,,TRUE,694907a8b93fdc4359995726,2025-12-22T08:56:08.625000,2025-12-22T08:56:08.625000,service_2c3e24d1-470c-435b-a7f8-d5f5398160f4,service+2c3e24d1-470c-435b-a7f8-d5f5398160f4@no-reply.base44.com
50F,,TRUE,694907a8b93fdc4359995727,2025-12-22T08:56:08.625000,2025-12-22T08:56:08.625000,service_2c3e24d1-470c-435b-a7f8-d5f5398160f4,service+2c3e24d1-470c-435b-a7f8-d5f5398160f4@no-reply.base44.com
50A,,TRUE,694907a8b93fdc4359995722,2025-12-22T08:56:08.625000,2025-12-22T08:56:08.625000,service_2c3e24d1-470c-435b-a7f8-d5f5398160f4,service+2c3e24d1-470c-435b-a7f8-d5f5398160f4@no-reply.base44.com
50C,,TRUE,694907a8b93fdc4359995724,2025-12-22T08:56:08.625000,2025-12-22T08:56:08.625000,service_2c3e24d1-470c-435b-a7f8-d5f5398160f4,service+2c3e24d1-470c-435b-a7f8-d5f5398160f4@no-reply.base44.com
BR4E11,,TRUE,694907a8b93fdc435999574f,2025-12-22T08:56:08.625000,2025-12-22T08:56:08.625000,service_2c3e24d1-470c-435b-a7f8-d5f5398160f4,service+2c3e24d1-470c-435b-a7f8-d5f5398160f4@no-reply.base44.com
44D4,,TRUE,694907a8b93fdc4359995715,2025-12-22T08:56:08.625000,2025-12-22T08:56:08.625000,service_2c3e24d1-470c-435b-a7f8-d5f5398160f4,service+2c3e24d1-470c-435b-a7f8-d5f5398160f4@no-reply.base44.com
BR1,,TRUE,694907a8b93fdc435999572a,2025-12-22T08:56:08.625000,2025-12-22T08:56:08.625000,service_2c3e24d1-470c-435b-a7f8-d5f5398160f4,service+2c3e24d1-470c-435b-a7f8-d5f5398160f4@no-reply.base44.com
BR4D11,,TRUE,694907a8b93fdc4359995741,2025-12-22T08:56:08.625000,2025-12-22T08:56:08.625000,service_2c3e24d1-470c-435b-a7f8-d5f5398160f4,service+2c3e24d1-470c-435b-a7f8-d5f5398160f4@no-reply.base44.com
BR4D12,,TRUE,694907a8b93fdc4359995742,2025-12-22T08:56:08.625000,2025-12-22T08:56:08.625000,service_2c3e24d1-470c-435b-a7f8-d5f5398160f4,service+2c3e24d1-470c-435b-a7f8-d5f5398160f4@no-reply.base44.com
BR4D13,,TRUE,694907a8b93fdc4359995743,2025-12-22T08:56:08.625000,2025-12-22T08:56:08.625000,service_2c3e24d1-470c-435b-a7f8-d5f5398160f4,service+2c3e24d1-470c-435b-a7f8-d5f5398160f4@no-reply.base44.com
44E,,TRUE,694907a8b93fdc4359995719,2025-12-22T08:56:08.625000,2025-12-22T08:56:08.625000,service_2c3e24d1-470c-435b-a7f8-d5f5398160f4,service+2c3e24d1-470c-435b-a7f8-d5f5398160f4@no-reply.base44.com
49B,,TRUE,694907a8b93fdc435999571c,2025-12-22T08:56:08.625000,2025-12-22T08:56:08.625000,service_2c3e24d1-470c-435b-a7f8-d5f5398160f4,service+2c3e24d1-470c-435b-a7f8-d5f5398160f4@no-reply.base44.com
BASEMENT,,TRUE,694907a8b93fdc4359995728,2025-12-22T08:56:08.625000,2025-12-22T08:56:08.625000,service_2c3e24d1-470c-435b-a7f8-d5f5398160f4,service+2c3e24d1-470c-435b-a7f8-d5f5398160f4@no-reply.base44.com
BR,,TRUE,694907a8b93fdc4359995729,2025-12-22T08:56:08.625000,2025-12-22T08:56:08.625000,service_2c3e24d1-470c-435b-a7f8-d5f5398160f4,service+2c3e24d1-470c-435b-a7f8-d5f5398160f4@no-reply.base44.com
BR4C9,,TRUE,694907a8b93fdc435999573e,2025-12-22T08:56:08.625000,2025-12-22T08:56:08.625000,service_2c3e24d1-470c-435b-a7f8-d5f5398160f4,service+2c3e24d1-470c-435b-a7f8-d5f5398160f4@no-reply.base44.com
BR4D10,,TRUE,694907a8b93fdc4359995740,2025-12-22T08:56:08.625000,2025-12-22T08:56:08.625000,service_2c3e24d1-470c-435b-a7f8-d5f5398160f4,service+2c3e24d1-470c-435b-a7f8-d5f5398160f4@no-reply.base44.com
BR4D8,,TRUE,694907a8b93fdc435999574b,2025-12-22T08:56:08.625000,2025-12-22T08:56:08.625000,service_2c3e24d1-470c-435b-a7f8-d5f5398160f4,service+2c3e24d1-470c-435b-a7f8-d5f5398160f4@no-reply.base44.com
49F,,TRUE,694907a8b93fdc4359995720,2025-12-22T08:56:08.625000,2025-12-22T08:56:08.625000,service_2c3e24d1-470c-435b-a7f8-d5f5398160f4,service+2c3e24d1-470c-435b-a7f8-d5f5398160f4@no-reply.base44.com
44C4,,TRUE,694907a8b93fdc4359995711,2025-12-22T08:56:08.625000,2025-12-22T08:56:08.625000,service_2c3e24d1-470c-435b-a7f8-d5f5398160f4,service+2c3e24d1-470c-435b-a7f8-d5f5398160f4@no-reply.base44.com
44D14,,TRUE,694907a8b93fdc4359995713,2025-12-22T08:56:08.625000,2025-12-22T08:56:08.625000,service_2c3e24d1-470c-435b-a7f8-d5f5398160f4,service+2c3e24d1-470c-435b-a7f8-d5f5398160f4@no-reply.base44.com
BR4C4,,TRUE,694907a8b93fdc4359995739,2025-12-22T08:56:08.625000,2025-12-22T08:56:08.625000,service_2c3e24d1-470c-435b-a7f8-d5f5398160f4,service+2c3e24d1-470c-435b-a7f8-d5f5398160f4@no-reply.base44.com
41D1,,TRUE,694907a8b93fdc43599956ee,2025-12-22T08:56:08.624000,2025-12-22T08:56:08.624000,service_2c3e24d1-470c-435b-a7f8-d5f5398160f4,service+2c3e24d1-470c-435b-a7f8-d5f5398160f4@no-reply.base44.com
41F8,,TRUE,694907a8b93fdc43599956f6,2025-12-22T08:56:08.624000,2025-12-22T08:56:08.624000,service_2c3e24d1-470c-435b-a7f8-d5f5398160f4,service+2c3e24d1-470c-435b-a7f8-d5f5398160f4@no-reply.base44.com
43F,,TRUE,694907a8b93fdc435999570a,2025-12-22T08:56:08.624000,2025-12-22T08:56:08.624000,service_2c3e24d1-470c-435b-a7f8-d5f5398160f4,service+2c3e24d1-470c-435b-a7f8-d5f5398160f4@no-reply.base44.com
43B3,,TRUE,694907a8b93fdc43599956fc,2025-12-22T08:56:08.624000,2025-12-22T08:56:08.624000,service_2c3e24d1-470c-435b-a7f8-d5f5398160f4,service+2c3e24d1-470c-435b-a7f8-d5f5398160f4@no-reply.base44.com
41F6,,TRUE,694907a8b93fdc43599956f5,2025-12-22T08:56:08.624000,2025-12-22T08:56:08.624000,service_2c3e24d1-470c-435b-a7f8-d5f5398160f4,service+2c3e24d1-470c-435b-a7f8-d5f5398160f4@no-reply.base44.com
43B1,,TRUE,694907a8b93fdc43599956fb,2025-12-22T08:56:08.624000,2025-12-22T08:56:08.624000,service_2c3e24d1-470c-435b-a7f8-d5f5398160f4,service+2c3e24d1-470c-435b-a7f8-d5f5398160f4@no-reply.base44.com
41I,,TRUE,694907a8b93fdc43599956f8,2025-12-22T08:56:08.624000,2025-12-22T08:56:08.624000,service_2c3e24d1-470c-435b-a7f8-d5f5398160f4,service+2c3e24d1-470c-435b-a7f8-d5f5398160f4@no-reply.base44.com
44A,,TRUE,694907a8b93fdc435999570b,2025-12-22T08:56:08.624000,2025-12-22T08:56:08.624000,service_2c3e24d1-470c-435b-a7f8-d5f5398160f4,service+2c3e24d1-470c-435b-a7f8-d5f5398160f4@no-reply.base44.com
41F4,,TRUE,694907a8b93fdc43599956f4,2025-12-22T08:56:08.624000,2025-12-22T08:56:08.624000,service_2c3e24d1-470c-435b-a7f8-d5f5398160f4,service+2c3e24d1-470c-435b-a7f8-d5f5398160f4@no-reply.base44.com
43C4,,TRUE,694907a8b93fdc4359995701,2025-12-22T08:56:08.624000,2025-12-22T08:56:08.624000,service_2c3e24d1-470c-435b-a7f8-d5f5398160f4,service+2c3e24d1-470c-435b-a7f8-d5f5398160f4@no-reply.base44.com
43D2,,TRUE,694907a8b93fdc4359995706,2025-12-22T08:56:08.624000,2025-12-22T08:56:08.624000,service_2c3e24d1-470c-435b-a7f8-d5f5398160f4,service+2c3e24d1-470c-435b-a7f8-d5f5398160f4@no-reply.base44.com
41G5,,TRUE,694907a8b93fdc43599956f7,2025-12-22T08:56:08.624000,2025-12-22T08:56:08.624000,service_2c3e24d1-470c-435b-a7f8-d5f5398160f4,service+2c3e24d1-470c-435b-a7f8-d5f5398160f4@no-reply.base44.com
43E,,TRUE,694907a8b93fdc4359995709,2025-12-22T08:56:08.624000,2025-12-22T08:56:08.624000,service_2c3e24d1-470c-435b-a7f8-d5f5398160f4,service+2c3e24d1-470c-435b-a7f8-d5f5398160f4@no-reply.base44.com
41F1,,TRUE,694907a8b93fdc43599956f1,2025-12-22T08:56:08.624000,2025-12-22T08:56:08.624000,service_2c3e24d1-470c-435b-a7f8-d5f5398160f4,service+2c3e24d1-470c-435b-a7f8-d5f5398160f4@no-reply.base44.com
43C,,TRUE,694907a8b93fdc43599956fd,2025-12-22T08:56:08.624000,2025-12-22T08:56:08.624000,service_2c3e24d1-470c-435b-a7f8-d5f5398160f4,service+2c3e24d1-470c-435b-a7f8-d5f5398160f4@no-reply.base44.com
43C3,,TRUE,694907a8b93fdc4359995700,2025-12-22T08:56:08.624000,2025-12-22T08:56:08.624000,service_2c3e24d1-470c-435b-a7f8-d5f5398160f4,service+2c3e24d1-470c-435b-a7f8-d5f5398160f4@no-reply.base44.com
43D3,,TRUE,694907a8b93fdc4359995707,2025-12-22T08:56:08.624000,2025-12-22T08:56:08.624000,service_2c3e24d1-470c-435b-a7f8-d5f5398160f4,service+2c3e24d1-470c-435b-a7f8-d5f5398160f4@no-reply.base44.com
41D7,,TRUE,694907a8b93fdc43599956f0,2025-12-22T08:56:08.624000,2025-12-22T08:56:08.624000,service_2c3e24d1-470c-435b-a7f8-d5f5398160f4,service+2c3e24d1-470c-435b-a7f8-d5f5398160f4@no-reply.base44.com
41J2,,TRUE,694907a8b93fdc43599956f9,2025-12-22T08:56:08.624000,2025-12-22T08:56:08.624000,service_2c3e24d1-470c-435b-a7f8-d5f5398160f4,service+2c3e24d1-470c-435b-a7f8-d5f5398160f4@no-reply.base44.com
41F2,,TRUE,694907a8b93fdc43599956f2,2025-12-22T08:56:08.624000,2025-12-22T08:56:08.624000,service_2c3e24d1-470c-435b-a7f8-d5f5398160f4,service+2c3e24d1-470c-435b-a7f8-d5f5398160f4@no-reply.base44.com
43D5,,TRUE,694907a8b93fdc4359995708,2025-12-22T08:56:08.624000,2025-12-22T08:56:08.624000,service_2c3e24d1-470c-435b-a7f8-d5f5398160f4,service+2c3e24d1-470c-435b-a7f8-d5f5398160f4@no-reply.base44.com
41C4,,TRUE,694907a8b93fdc43599956ed,2025-12-22T08:56:08.624000,2025-12-22T08:56:08.624000,service_2c3e24d1-470c-435b-a7f8-d5f5398160f4,service+2c3e24d1-470c-435b-a7f8-d5f5398160f4@no-reply.base44.com
43C6,,TRUE,694907a8b93fdc4359995703,2025-12-22T08:56:08.624000,2025-12-22T08:56:08.624000,service_2c3e24d1-470c-435b-a7f8-d5f5398160f4,service+2c3e24d1-470c-435b-a7f8-d5f5398160f4@no-reply.base44.com
43C7,,TRUE,694907a8b93fdc4359995704,2025-12-22T08:56:08.624000,2025-12-22T08:56:08.624000,service_2c3e24d1-470c-435b-a7f8-d5f5398160f4,service+2c3e24d1-470c-435b-a7f8-d5f5398160f4@no-reply.base44.com
41D5,,TRUE,694907a8b93fdc43599956ef,2025-12-22T08:56:08.624000,2025-12-22T08:56:08.624000,service_2c3e24d1-470c-435b-a7f8-d5f5398160f4,service+2c3e24d1-470c-435b-a7f8-d5f5398160f4@no-reply.base44.com
43C1,,TRUE,694907a8b93fdc43599956fe,2025-12-22T08:56:08.624000,2025-12-22T08:56:08.624000,service_2c3e24d1-470c-435b-a7f8-d5f5398160f4,service+2c3e24d1-470c-435b-a7f8-d5f5398160f4@no-reply.base44.com
44B5,,TRUE,694907a8b93fdc435999570d,2025-12-22T08:56:08.624000,2025-12-22T08:56:08.624000,service_2c3e24d1-470c-435b-a7f8-d5f5398160f4,service+2c3e24d1-470c-435b-a7f8-d5f5398160f4@no-reply.base44.com
44B7,,TRUE,694907a8b93fdc435999570e,2025-12-22T08:56:08.624000,2025-12-22T08:56:08.624000,service_2c3e24d1-470c-435b-a7f8-d5f5398160f4,service+2c3e24d1-470c-435b-a7f8-d5f5398160f4@no-reply.base44.com
44B1,,TRUE,694907a8b93fdc435999570c,2025-12-22T08:56:08.624000,2025-12-22T08:56:08.624000,service_2c3e24d1-470c-435b-a7f8-d5f5398160f4,service+2c3e24d1-470c-435b-a7f8-d5f5398160f4@no-reply.base44.com
41F3,,TRUE,694907a8b93fdc43599956f3,2025-12-22T08:56:08.624000,2025-12-22T08:56:08.624000,service_2c3e24d1-470c-435b-a7f8-d5f5398160f4,service+2c3e24d1-470c-435b-a7f8-d5f5398160f4@no-reply.base44.com
43C2,,TRUE,694907a8b93fdc43599956ff,2025-12-22T08:56:08.624000,2025-12-22T08:56:08.624000,service_2c3e24d1-470c-435b-a7f8-d5f5398160f4,service+2c3e24d1-470c-435b-a7f8-d5f5398160f4@no-reply.base44.com
42C8,,TRUE,694907a8b93fdc43599956fa,2025-12-22T08:56:08.624000,2025-12-22T08:56:08.624000,service_2c3e24d1-470c-435b-a7f8-d5f5398160f4,service+2c3e24d1-470c-435b-a7f8-d5f5398160f4@no-reply.base44.com
43D1,,TRUE,694907a8b93fdc4359995705,2025-12-22T08:56:08.624000,2025-12-22T08:56:08.624000,service_2c3e24d1-470c-435b-a7f8-d5f5398160f4,service+2c3e24d1-470c-435b-a7f8-d5f5398160f4@no-reply.base44.com
43C5,,TRUE,694907a8b93fdc4359995702,2025-12-22T08:56:08.624000,2025-12-22T08:56:08.624000,service_2c3e24d1-470c-435b-a7f8-d5f5398160f4,service+2c3e24d1-470c-435b-a7f8-d5f5398160f4@no-reply.base44.com
10F,,TRUE,694907a8fef53fa607c3169d,2025-12-22T08:56:08.407000,2025-12-22T08:56:08.407000,service_2c3e24d1-470c-435b-a7f8-d5f5398160f4,service+2c3e24d1-470c-435b-a7f8-d5f5398160f4@no-reply.base44.com
10F4,,TRUE,694907a8fef53fa607c316a1,2025-12-22T08:56:08.407000,2025-12-22T08:56:08.407000,service_2c3e24d1-470c-435b-a7f8-d5f5398160f4,service+2c3e24d1-470c-435b-a7f8-d5f5398160f4@no-reply.base44.com
10B7,,TRUE,694907a8fef53fa607c31699,2025-12-22T08:56:08.407000,2025-12-22T08:56:08.407000,service_2c3e24d1-470c-435b-a7f8-d5f5398160f4,service+2c3e24d1-470c-435b-a7f8-d5f5398160f4@no-reply.base44.com
10F1,,TRUE,694907a8fef53fa607c3169e,2025-12-22T08:56:08.407000,2025-12-22T08:56:08.407000,service_2c3e24d1-470c-435b-a7f8-d5f5398160f4,service+2c3e24d1-470c-435b-a7f8-d5f5398160f4@no-reply.base44.com
10F2,,TRUE,694907a8fef53fa607c3169f,2025-12-22T08:56:08.407000,2025-12-22T08:56:08.407000,service_2c3e24d1-470c-435b-a7f8-d5f5398160f4,service+2c3e24d1-470c-435b-a7f8-d5f5398160f4@no-reply.base44.com
10C,,TRUE,694907a8fef53fa607c3169a,2025-12-22T08:56:08.407000,2025-12-22T08:56:08.407000,service_2c3e24d1-470c-435b-a7f8-d5f5398160f4,service+2c3e24d1-470c-435b-a7f8-d5f5398160f4@no-reply.base44.com
10E,,TRUE,694907a8fef53fa607c3169c,2025-12-22T08:56:08.407000,2025-12-22T08:56:08.407000,service_2c3e24d1-470c-435b-a7f8-d5f5398160f4,service+2c3e24d1-470c-435b-a7f8-d5f5398160f4@no-reply.base44.com
10L2,,TRUE,694907a8fef53fa607c316b0,2025-12-22T08:56:08.407000,2025-12-22T08:56:08.407000,service_2c3e24d1-470c-435b-a7f8-d5f5398160f4,service+2c3e24d1-470c-435b-a7f8-d5f5398160f4@no-reply.base44.com
10D,,TRUE,694907a8fef53fa607c3169b,2025-12-22T08:56:08.407000,2025-12-22T08:56:08.407000,service_2c3e24d1-470c-435b-a7f8-d5f5398160f4,service+2c3e24d1-470c-435b-a7f8-d5f5398160f4@no-reply.base44.com
10F6,,TRUE,694907a8fef53fa607c316a3,2025-12-22T08:56:08.407000,2025-12-22T08:56:08.407000,service_2c3e24d1-470c-435b-a7f8-d5f5398160f4,service+2c3e24d1-470c-435b-a7f8-d5f5398160f4@no-reply.base44.com
10H3,,TRUE,694907a8fef53fa607c316a8,2025-12-22T08:56:08.407000,2025-12-22T08:56:08.407000,service_2c3e24d1-470c-435b-a7f8-d5f5398160f4,service+2c3e24d1-470c-435b-a7f8-d5f5398160f4@no-reply.base44.com
10L4,,TRUE,694907a8fef53fa607c316b2,2025-12-22T08:56:08.407000,2025-12-22T08:56:08.407000,service_2c3e24d1-470c-435b-a7f8-d5f5398160f4,service+2c3e24d1-470c-435b-a7f8-d5f5398160f4@no-reply.base44.com
12A,,TRUE,694907a8fef53fa607c316bc,2025-12-22T08:56:08.407000,2025-12-22T08:56:08.407000,service_2c3e24d1-470c-435b-a7f8-d5f5398160f4,service+2c3e24d1-470c-435b-a7f8-d5f5398160f4@no-reply.base44.com
12C,,TRUE,694907a8fef53fa607c316be,2025-12-22T08:56:08.407000,2025-12-22T08:56:08.407000,service_2c3e24d1-470c-435b-a7f8-d5f5398160f4,service+2c3e24d1-470c-435b-a7f8-d5f5398160f4@no-reply.base44.com
35B,,TRUE,694907a8fef53fa607c316d0,2025-12-22T08:56:08.407000,2025-12-22T08:56:08.407000,service_2c3e24d1-470c-435b-a7f8-d5f5398160f4,service+2c3e24d1-470c-435b-a7f8-d5f5398160f4@no-reply.base44.com
38A3,,TRUE,694907a8fef53fa607c316d7,2025-12-22T08:56:08.407000,2025-12-22T08:56:08.407000,service_2c3e24d1-470c-435b-a7f8-d5f5398160f4,service+2c3e24d1-470c-435b-a7f8-d5f5398160f4@no-reply.base44.com
10F5,,TRUE,694907a8fef53fa607c316a2,2025-12-22T08:56:08.407000,2025-12-22T08:56:08.407000,service_2c3e24d1-470c-435b-a7f8-d5f5398160f4,service+2c3e24d1-470c-435b-a7f8-d5f5398160f4@no-reply.base44.com
10B6,,TRUE,694907a8fef53fa607c31698,2025-12-22T08:56:08.407000,2025-12-22T08:56:08.407000,service_2c3e24d1-470c-435b-a7f8-d5f5398160f4,service+2c3e24d1-470c-435b-a7f8-d5f5398160f4@no-reply.base44.com
10I,,TRUE,694907a8fef53fa607c316aa,2025-12-22T08:56:08.407000,2025-12-22T08:56:08.407000,service_2c3e24d1-470c-435b-a7f8-d5f5398160f4,service+2c3e24d1-470c-435b-a7f8-d5f5398160f4@no-reply.base44.com
12D,,TRUE,694907a8fef53fa607c316bf,2025-12-22T08:56:08.407000,2025-12-22T08:56:08.407000,service_2c3e24d1-470c-435b-a7f8-d5f5398160f4,service+2c3e24d1-470c-435b-a7f8-d5f5398160f4@no-reply.base44.com
10B4,,TRUE,694907a8fef53fa607c31696,2025-12-22T08:56:08.407000,2025-12-22T08:56:08.407000,service_2c3e24d1-470c-435b-a7f8-d5f5398160f4,service+2c3e24d1-470c-435b-a7f8-d5f5398160f4@no-reply.base44.com
10L,,TRUE,694907a8fef53fa607c316ae,2025-12-22T08:56:08.407000,2025-12-22T08:56:08.407000,service_2c3e24d1-470c-435b-a7f8-d5f5398160f4,service+2c3e24d1-470c-435b-a7f8-d5f5398160f4@no-reply.base44.com
13B2,,TRUE,694907a8fef53fa607c316c0,2025-12-22T08:56:08.407000,2025-12-22T08:56:08.407000,service_2c3e24d1-470c-435b-a7f8-d5f5398160f4,service+2c3e24d1-470c-435b-a7f8-d5f5398160f4@no-reply.base44.com
11D,,TRUE,694907a8fef53fa607c316bb,2025-12-22T08:56:08.407000,2025-12-22T08:56:08.407000,service_2c3e24d1-470c-435b-a7f8-d5f5398160f4,service+2c3e24d1-470c-435b-a7f8-d5f5398160f4@no-reply.base44.com
15A,,TRUE,694907a8fef53fa607c316c1,2025-12-22T08:56:08.407000,2025-12-22T08:56:08.407000,service_2c3e24d1-470c-435b-a7f8-d5f5398160f4,service+2c3e24d1-470c-435b-a7f8-d5f5398160f4@no-reply.base44.com
38A5,,TRUE,694907a8fef53fa607c316d9,2025-12-22T08:56:08.407000,2025-12-22T08:56:08.407000,service_2c3e24d1-470c-435b-a7f8-d5f5398160f4,service+2c3e24d1-470c-435b-a7f8-d5f5398160f4@no-reply.base44.com
10B5,,TRUE,694907a8fef53fa607c31697,2025-12-22T08:56:08.407000,2025-12-22T08:56:08.407000,service_2c3e24d1-470c-435b-a7f8-d5f5398160f4,service+2c3e24d1-470c-435b-a7f8-d5f5398160f4@no-reply.base44.com
10F3,,TRUE,694907a8fef53fa607c316a0,2025-12-22T08:56:08.407000,2025-12-22T08:56:08.407000,service_2c3e24d1-470c-435b-a7f8-d5f5398160f4,service+2c3e24d1-470c-435b-a7f8-d5f5398160f4@no-reply.base44.com
10H2,,TRUE,694907a8fef53fa607c316a7,2025-12-22T08:56:08.407000,2025-12-22T08:56:08.407000,service_2c3e24d1-470c-435b-a7f8-d5f5398160f4,service+2c3e24d1-470c-435b-a7f8-d5f5398160f4@no-reply.base44.com
10N,,TRUE,694907a8fef53fa607c316b6,2025-12-22T08:56:08.407000,2025-12-22T08:56:08.407000,service_2c3e24d1-470c-435b-a7f8-d5f5398160f4,service+2c3e24d1-470c-435b-a7f8-d5f5398160f4@no-reply.base44.com
35F,,TRUE,694907a8fef53fa607c316d4,2025-12-22T08:56:08.407000,2025-12-22T08:56:08.407000,service_2c3e24d1-470c-435b-a7f8-d5f5398160f4,service+2c3e24d1-470c-435b-a7f8-d5f5398160f4@no-reply.base44.com
39B1,,TRUE,694907a8fef53fa607c316e1,2025-12-22T08:56:08.407000,2025-12-22T08:56:08.407000,service_2c3e24d1-470c-435b-a7f8-d5f5398160f4,service+2c3e24d1-470c-435b-a7f8-d5f5398160f4@no-reply.base44.com
34D,,TRUE,694907a8fef53fa607c316cd,2025-12-22T08:56:08.407000,2025-12-22T08:56:08.407000,service_2c3e24d1-470c-435b-a7f8-d5f5398160f4,service+2c3e24d1-470c-435b-a7f8-d5f5398160f4@no-reply.base44.com
35D,,TRUE,694907a8fef53fa607c316d2,2025-12-22T08:56:08.407000,2025-12-22T08:56:08.407000,service_2c3e24d1-470c-435b-a7f8-d5f5398160f4,service+2c3e24d1-470c-435b-a7f8-d5f5398160f4@no-reply.base44.com
10L1,,TRUE,694907a8fef53fa607c316af,2025-12-22T08:56:08.407000,2025-12-22T08:56:08.407000,service_2c3e24d1-470c-435b-a7f8-d5f5398160f4,service+2c3e24d1-470c-435b-a7f8-d5f5398160f4@no-reply.base44.com
11C,,TRUE,694907a8fef53fa607c316ba,2025-12-22T08:56:08.407000,2025-12-22T08:56:08.407000,service_2c3e24d1-470c-435b-a7f8-d5f5398160f4,service+2c3e24d1-470c-435b-a7f8-d5f5398160f4@no-reply.base44.com
33C1,,TRUE,694907a8fef53fa607c316cb,2025-12-22T08:56:08.407000,2025-12-22T08:56:08.407000,service_2c3e24d1-470c-435b-a7f8-d5f5398160f4,service+2c3e24d1-470c-435b-a7f8-d5f5398160f4@no-reply.base44.com
38A1,,TRUE,694907a8fef53fa607c316d5,2025-12-22T08:56:08.407000,2025-12-22T08:56:08.407000,service_2c3e24d1-470c-435b-a7f8-d5f5398160f4,service+2c3e24d1-470c-435b-a7f8-d5f5398160f4@no-reply.base44.com
32A,,TRUE,694907a8fef53fa607c316c9,2025-12-22T08:56:08.407000,2025-12-22T08:56:08.407000,service_2c3e24d1-470c-435b-a7f8-d5f5398160f4,service+2c3e24d1-470c-435b-a7f8-d5f5398160f4@no-reply.base44.com
35A,,TRUE,694907a8fef53fa607c316cf,2025-12-22T08:56:08.407000,2025-12-22T08:56:08.407000,service_2c3e24d1-470c-435b-a7f8-d5f5398160f4,service+2c3e24d1-470c-435b-a7f8-d5f5398160f4@no-reply.base44.com
11A3,,TRUE,694907a8fef53fa607c316b8,2025-12-22T08:56:08.407000,2025-12-22T08:56:08.407000,service_2c3e24d1-470c-435b-a7f8-d5f5398160f4,service+2c3e24d1-470c-435b-a7f8-d5f5398160f4@no-reply.base44.com
10L5,,TRUE,694907a8fef53fa607c316b3,2025-12-22T08:56:08.407000,2025-12-22T08:56:08.407000,service_2c3e24d1-470c-435b-a7f8-d5f5398160f4,service+2c3e24d1-470c-435b-a7f8-d5f5398160f4@no-reply.base44.com
38A2,,TRUE,694907a8fef53fa607c316d6,2025-12-22T08:56:08.407000,2025-12-22T08:56:08.407000,service_2c3e24d1-470c-435b-a7f8-d5f5398160f4,service+2c3e24d1-470c-435b-a7f8-d5f5398160f4@no-reply.base44.com
10K,,TRUE,694907a8fef53fa607c316ac,2025-12-22T08:56:08.407000,2025-12-22T08:56:08.407000,service_2c3e24d1-470c-435b-a7f8-d5f5398160f4,service+2c3e24d1-470c-435b-a7f8-d5f5398160f4@no-reply.base44.com
38A4,,TRUE,694907a8fef53fa607c316d8,2025-12-22T08:56:08.407000,2025-12-22T08:56:08.407000,service_2c3e24d1-470c-435b-a7f8-d5f5398160f4,service+2c3e24d1-470c-435b-a7f8-d5f5398160f4@no-reply.base44.com
11B,,TRUE,694907a8fef53fa607c316b9,2025-12-22T08:56:08.407000,2025-12-22T08:56:08.407000,service_2c3e24d1-470c-435b-a7f8-d5f5398160f4,service+2c3e24d1-470c-435b-a7f8-d5f5398160f4@no-reply.base44.com
39A4,,TRUE,694907a8fef53fa607c316de,2025-12-22T08:56:08.407000,2025-12-22T08:56:08.407000,service_2c3e24d1-470c-435b-a7f8-d5f5398160f4,service+2c3e24d1-470c-435b-a7f8-d5f5398160f4@no-reply.base44.com
41B5,,TRUE,694907a8fef53fa607c316e5,2025-12-22T08:56:08.407000,2025-12-22T08:56:08.407000,service_2c3e24d1-470c-435b-a7f8-d5f5398160f4,service+2c3e24d1-470c-435b-a7f8-d5f5398160f4@no-reply.base44.com
10H,,TRUE,694907a8fef53fa607c316a5,2025-12-22T08:56:08.407000,2025-12-22T08:56:08.407000,service_2c3e24d1-470c-435b-a7f8-d5f5398160f4,service+2c3e24d1-470c-435b-a7f8-d5f5398160f4@no-reply.base44.com
10K1,,TRUE,694907a8fef53fa607c316ad,2025-12-22T08:56:08.407000,2025-12-22T08:56:08.407000,service_2c3e24d1-470c-435b-a7f8-d5f5398160f4,service+2c3e24d1-470c-435b-a7f8-d5f5398160f4@no-reply.base44.com
41B6,,TRUE,694907a8fef53fa607c316e6,2025-12-22T08:56:08.407000,2025-12-22T08:56:08.407000,service_2c3e24d1-470c-435b-a7f8-d5f5398160f4,service+2c3e24d1-470c-435b-a7f8-d5f5398160f4@no-reply.base44.com
10H4,,TRUE,694907a8fef53fa607c316a9,2025-12-22T08:56:08.407000,2025-12-22T08:56:08.407000,service_2c3e24d1-470c-435b-a7f8-d5f5398160f4,service+2c3e24d1-470c-435b-a7f8-d5f5398160f4@no-reply.base44.com
35E,,TRUE,694907a8fef53fa607c316d3,2025-12-22T08:56:08.407000,2025-12-22T08:56:08.407000,service_2c3e24d1-470c-435b-a7f8-d5f5398160f4,service+2c3e24d1-470c-435b-a7f8-d5f5398160f4@no-reply.base44.com
39A2,,TRUE,694907a8fef53fa607c316dc,2025-12-22T08:56:08.407000,2025-12-22T08:56:08.407000,service_2c3e24d1-470c-435b-a7f8-d5f5398160f4,service+2c3e24d1-470c-435b-a7f8-d5f5398160f4@no-reply.base44.com
41B3,,TRUE,694907a8fef53fa607c316e3,2025-12-22T08:56:08.407000,2025-12-22T08:56:08.407000,service_2c3e24d1-470c-435b-a7f8-d5f5398160f4,service+2c3e24d1-470c-435b-a7f8-d5f5398160f4@no-reply.base44.com
10L3,,TRUE,694907a8fef53fa607c316b1,2025-12-22T08:56:08.407000,2025-12-22T08:56:08.407000,service_2c3e24d1-470c-435b-a7f8-d5f5398160f4,service+2c3e24d1-470c-435b-a7f8-d5f5398160f4@no-reply.base44.com
19D,,TRUE,694907a8fef53fa607c316c7,2025-12-22T08:56:08.407000,2025-12-22T08:56:08.407000,service_2c3e24d1-470c-435b-a7f8-d5f5398160f4,service+2c3e24d1-470c-435b-a7f8-d5f5398160f4@no-reply.base44.com
12B,,TRUE,694907a8fef53fa607c316bd,2025-12-22T08:56:08.407000,2025-12-22T08:56:08.407000,service_2c3e24d1-470c-435b-a7f8-d5f5398160f4,service+2c3e24d1-470c-435b-a7f8-d5f5398160f4@no-reply.base44.com
18A,,TRUE,694907a8fef53fa607c316c5,2025-12-22T08:56:08.407000,2025-12-22T08:56:08.407000,service_2c3e24d1-470c-435b-a7f8-d5f5398160f4,service+2c3e24d1-470c-435b-a7f8-d5f5398160f4@no-reply.base44.com
39B2,,TRUE,694907a8fef53fa607c316e2,2025-12-22T08:56:08.407000,2025-12-22T08:56:08.407000,service_2c3e24d1-470c-435b-a7f8-d5f5398160f4,service+2c3e24d1-470c-435b-a7f8-d5f5398160f4@no-reply.base44.com
39A6,,TRUE,694907a8fef53fa607c316e0,2025-12-22T08:56:08.407000,2025-12-22T08:56:08.407000,service_2c3e24d1-470c-435b-a7f8-d5f5398160f4,service+2c3e24d1-470c-435b-a7f8-d5f5398160f4@no-reply.base44.com
16B,,TRUE,694907a8fef53fa607c316c2,2025-12-22T08:56:08.407000,2025-12-22T08:56:08.407000,service_2c3e24d1-470c-435b-a7f8-d5f5398160f4,service+2c3e24d1-470c-435b-a7f8-d5f5398160f4@no-reply.base44.com
34A,,TRUE,694907a8fef53fa607c316cc,2025-12-22T08:56:08.407000,2025-12-22T08:56:08.407000,service_2c3e24d1-470c-435b-a7f8-d5f5398160f4,service+2c3e24d1-470c-435b-a7f8-d5f5398160f4@no-reply.base44.com
41B4,,TRUE,694907a8fef53fa607c316e4,2025-12-22T08:56:08.407000,2025-12-22T08:56:08.407000,service_2c3e24d1-470c-435b-a7f8-d5f5398160f4,service+2c3e24d1-470c-435b-a7f8-d5f5398160f4@no-reply.base44.com
16C,,TRUE,694907a8fef53fa607c316c3,2025-12-22T08:56:08.407000,2025-12-22T08:56:08.407000,service_2c3e24d1-470c-435b-a7f8-d5f5398160f4,service+2c3e24d1-470c-435b-a7f8-d5f5398160f4@no-reply.base44.com
30A,,TRUE,694907a8fef53fa607c316c8,2025-12-22T08:56:08.407000,2025-12-22T08:56:08.407000,service_2c3e24d1-470c-435b-a7f8-d5f5398160f4,service+2c3e24d1-470c-435b-a7f8-d5f5398160f4@no-reply.base44.com
10H1,,TRUE,694907a8fef53fa607c316a6,2025-12-22T08:56:08.407000,2025-12-22T08:56:08.407000,service_2c3e24d1-470c-435b-a7f8-d5f5398160f4,service+2c3e24d1-470c-435b-a7f8-d5f5398160f4@no-reply.base44.com
17D,,TRUE,694907a8fef53fa607c316c4,2025-12-22T08:56:08.407000,2025-12-22T08:56:08.407000,service_2c3e24d1-470c-435b-a7f8-d5f5398160f4,service+2c3e24d1-470c-435b-a7f8-d5f5398160f4@no-reply.base44.com
35C,,TRUE,694907a8fef53fa607c316d1,2025-12-22T08:56:08.407000,2025-12-22T08:56:08.407000,service_2c3e24d1-470c-435b-a7f8-d5f5398160f4,service+2c3e24d1-470c-435b-a7f8-d5f5398160f4@no-reply.base44.com
18D,,TRUE,694907a8fef53fa607c316c6,2025-12-22T08:56:08.407000,2025-12-22T08:56:08.407000,service_2c3e24d1-470c-435b-a7f8-d5f5398160f4,service+2c3e24d1-470c-435b-a7f8-d5f5398160f4@no-reply.base44.com
38A6,,TRUE,694907a8fef53fa607c316da,2025-12-22T08:56:08.407000,2025-12-22T08:56:08.407000,service_2c3e24d1-470c-435b-a7f8-d5f5398160f4,service+2c3e24d1-470c-435b-a7f8-d5f5398160f4@no-reply.base44.com
10J,,TRUE,694907a8fef53fa607c316ab,2025-12-22T08:56:08.407000,2025-12-22T08:56:08.407000,service_2c3e24d1-470c-435b-a7f8-d5f5398160f4,service+2c3e24d1-470c-435b-a7f8-d5f5398160f4@no-reply.base44.com
10M,,TRUE,694907a8fef53fa607c316b5,2025-12-22T08:56:08.407000,2025-12-22T08:56:08.407000,service_2c3e24d1-470c-435b-a7f8-d5f5398160f4,service+2c3e24d1-470c-435b-a7f8-d5f5398160f4@no-reply.base44.com
33A,,TRUE,694907a8fef53fa607c316ca,2025-12-22T08:56:08.407000,2025-12-22T08:56:08.407000,service_2c3e24d1-470c-435b-a7f8-d5f5398160f4,service+2c3e24d1-470c-435b-a7f8-d5f5398160f4@no-reply.base44.com
39A3,,TRUE,694907a8fef53fa607c316dd,2025-12-22T08:56:08.407000,2025-12-22T08:56:08.407000,service_2c3e24d1-470c-435b-a7f8-d5f5398160f4,service+2c3e24d1-470c-435b-a7f8-d5f5398160f4@no-reply.base44.com
34E,,TRUE,694907a8fef53fa607c316ce,2025-12-22T08:56:08.407000,2025-12-22T08:56:08.407000,service_2c3e24d1-470c-435b-a7f8-d5f5398160f4,service+2c3e24d1-470c-435b-a7f8-d5f5398160f4@no-reply.base44.com
10L7,,TRUE,694907a8fef53fa607c316b4,2025-12-22T08:56:08.407000,2025-12-22T08:56:08.407000,service_2c3e24d1-470c-435b-a7f8-d5f5398160f4,service+2c3e24d1-470c-435b-a7f8-d5f5398160f4@no-reply.base44.com
11A,,TRUE,694907a8fef53fa607c316b7,2025-12-22T08:56:08.407000,2025-12-22T08:56:08.407000,service_2c3e24d1-470c-435b-a7f8-d5f5398160f4,service+2c3e24d1-470c-435b-a7f8-d5f5398160f4@no-reply.base44.com
10G,,TRUE,694907a8fef53fa607c316a4,2025-12-22T08:56:08.407000,2025-12-22T08:56:08.407000,service_2c3e24d1-470c-435b-a7f8-d5f5398160f4,service+2c3e24d1-470c-435b-a7f8-d5f5398160f4@no-reply.base44.com
39A1,,TRUE,694907a8fef53fa607c316db,2025-12-22T08:56:08.407000,2025-12-22T08:56:08.407000,service_2c3e24d1-470c-435b-a7f8-d5f5398160f4,service+2c3e24d1-470c-435b-a7f8-d5f5398160f4@no-reply.base44.com
39A5,,TRUE,694907a8fef53fa607c316df,2025-12-22T08:56:08.407000,2025-12-22T08:56:08.407000,service_2c3e24d1-470c-435b-a7f8-d5f5398160f4,service+2c3e24d1-470c-435b-a7f8-d5f5398160f4@no-reply.base44.com
48,,TRUE,694907a8fef53fa607c3168c,2025-12-22T08:56:08.406000,2025-12-22T08:56:08.406000,service_2c3e24d1-470c-435b-a7f8-d5f5398160f4,service+2c3e24d1-470c-435b-a7f8-d5f5398160f4@no-reply.base44.com
10A1,,TRUE,694907a8fef53fa607c31690,2025-12-22T08:56:08.406000,2025-12-22T08:56:08.406000,service_2c3e24d1-470c-435b-a7f8-d5f5398160f4,service+2c3e24d1-470c-435b-a7f8-d5f5398160f4@no-reply.base44.com
10B2,,TRUE,694907a8fef53fa607c31694,2025-12-22T08:56:08.406000,2025-12-22T08:56:08.406000,service_2c3e24d1-470c-435b-a7f8-d5f5398160f4,service+2c3e24d1-470c-435b-a7f8-d5f5398160f4@no-reply.base44.com
16,,TRUE,694907a8fef53fa607c31687,2025-12-22T08:56:08.406000,2025-12-22T08:56:08.406000,service_2c3e24d1-470c-435b-a7f8-d5f5398160f4,service+2c3e24d1-470c-435b-a7f8-d5f5398160f4@no-reply.base44.com
14,,TRUE,694907a8fef53fa607c31685,2025-12-22T08:56:08.406000,2025-12-22T08:56:08.406000,service_2c3e24d1-470c-435b-a7f8-d5f5398160f4,service+2c3e24d1-470c-435b-a7f8-d5f5398160f4@no-reply.base44.com
11,,TRUE,694907a8fef53fa607c31683,2025-12-22T08:56:08.406000,2025-12-22T08:56:08.406000,service_2c3e24d1-470c-435b-a7f8-d5f5398160f4,service+2c3e24d1-470c-435b-a7f8-d5f5398160f4@no-reply.base44.com
10A3,,TRUE,694907a8fef53fa607c31692,2025-12-22T08:56:08.406000,2025-12-22T08:56:08.406000,service_2c3e24d1-470c-435b-a7f8-d5f5398160f4,service+2c3e24d1-470c-435b-a7f8-d5f5398160f4@no-reply.base44.com
13,,TRUE,694907a8fef53fa607c31684,2025-12-22T08:56:08.406000,2025-12-22T08:56:08.406000,service_2c3e24d1-470c-435b-a7f8-d5f5398160f4,service+2c3e24d1-470c-435b-a7f8-d5f5398160f4@no-reply.base44.com
10B3,,TRUE,694907a8fef53fa607c31695,2025-12-22T08:56:08.406000,2025-12-22T08:56:08.406000,service_2c3e24d1-470c-435b-a7f8-d5f5398160f4,service+2c3e24d1-470c-435b-a7f8-d5f5398160f4@no-reply.base44.com
51,,TRUE,694907a8fef53fa607c3168f,2025-12-22T08:56:08.406000,2025-12-22T08:56:08.406000,service_2c3e24d1-470c-435b-a7f8-d5f5398160f4,service+2c3e24d1-470c-435b-a7f8-d5f5398160f4@no-reply.base44.com
15,,TRUE,694907a8fef53fa607c31686,2025-12-22T08:56:08.406000,2025-12-22T08:56:08.406000,service_2c3e24d1-470c-435b-a7f8-d5f5398160f4,service+2c3e24d1-470c-435b-a7f8-d5f5398160f4@no-reply.base44.com
30,,TRUE,694907a8fef53fa607c31688,2025-12-22T08:56:08.406000,2025-12-22T08:56:08.406000,service_2c3e24d1-470c-435b-a7f8-d5f5398160f4,service+2c3e24d1-470c-435b-a7f8-d5f5398160f4@no-reply.base44.com
36,,TRUE,694907a8fef53fa607c3168a,2025-12-22T08:56:08.406000,2025-12-22T08:56:08.406000,service_2c3e24d1-470c-435b-a7f8-d5f5398160f4,service+2c3e24d1-470c-435b-a7f8-d5f5398160f4@no-reply.base44.com
10B1,,TRUE,694907a8fef53fa607c31693,2025-12-22T08:56:08.406000,2025-12-22T08:56:08.406000,service_2c3e24d1-470c-435b-a7f8-d5f5398160f4,service+2c3e24d1-470c-435b-a7f8-d5f5398160f4@no-reply.base44.com
50,,TRUE,694907a8fef53fa607c3168e,2025-12-22T08:56:08.406000,2025-12-22T08:56:08.406000,service_2c3e24d1-470c-435b-a7f8-d5f5398160f4,service+2c3e24d1-470c-435b-a7f8-d5f5398160f4@no-reply.base44.com
10A2,,TRUE,694907a8fef53fa607c31691,2025-12-22T08:56:08.406000,2025-12-22T08:56:08.406000,service_2c3e24d1-470c-435b-a7f8-d5f5398160f4,service+2c3e24d1-470c-435b-a7f8-d5f5398160f4@no-reply.base44.com
40,,TRUE,694907a8fef53fa607c3168b,2025-12-22T08:56:08.406000,2025-12-22T08:56:08.406000,service_2c3e24d1-470c-435b-a7f8-d5f5398160f4,service+2c3e24d1-470c-435b-a7f8-d5f5398160f4@no-reply.base44.com
32,,TRUE,694907a8fef53fa607c31689,2025-12-22T08:56:08.406000,2025-12-22T08:56:08.406000,service_2c3e24d1-470c-435b-a7f8-d5f5398160f4,service+2c3e24d1-470c-435b-a7f8-d5f5398160f4@no-reply.base44.com
49,,TRUE,694907a8fef53fa607c3168d,2025-12-22T08:56:08.406000,2025-12-22T08:56:08.406000,service_2c3e24d1-470c-435b-a7f8-d5f5398160f4,service+2c3e24d1-470c-435b-a7f8-d5f5398160f4@no-reply.base44.com
41E3,Location: 41E3,TRUE,69490421d1a9a47a711cc182,2025-12-22T08:41:05.334000,2025-12-22T08:41:05.334000,68b90236f4d7e6ac0de4a263,tyler.haney.1998@gmail.com
50E3,Location: 50E3,TRUE,694903b2a17687114f22e93d,2025-12-22T08:39:14.798000,2025-12-22T08:39:14.798000,68b90236f4d7e6ac0de4a263,tyler.haney.1998@gmail.com
10B,Location: 10B,TRUE,68c66fc44b628a49358b22ce,2025-09-14T07:33:24.278000,2025-09-14T07:33:24.278000,68b90236f4d7e6ac0de4a263,tyler.haney.1998@gmail.com
10A,Location: 10A,TRUE,68c66fbe8c248bb20550d0f9,2025-09-14T07:33:18.509000,2025-09-14T07:33:18.509000,68b90236f4d7e6ac0de4a263,tyler.haney.1998@gmail.com
